Topic,Evidence,Supports,Contradicts,Ambiguous
Anaphylaxis Anaphylaxis: Confirming the diagnosis and determining the cause(s),"Anaphylaxis is a serious systemic allergic reaction that requires immediate clinical diagnosis based on symptoms and history of exposure to allergens, as laboratory tests are rarely useful in acute settings. The management includes prompt administration of epinephrine and long-term strategies to identify triggers and prevent recurrences, highlighting the need for standardized diagnostic criteria across medical specialties.",Anaphylaxis is a critical allergic reaction that necessitates swift clinical evaluation using symptoms and allergen exposure history.,Laboratory tests are always effective in diagnosing anaphylaxis in acute situations.,The need for standardized diagnostic criteria may vary across different medical specialties depending on their specific contexts.
Anaphylaxis Anaphylaxis: Confirming the diagnosis and determining the cause(s),"Anaphylaxis is a serious systemic allergic reaction that requires immediate clinical diagnosis based on symptoms and history of exposure to allergens, as laboratory tests are rarely useful in acute settings. The management includes prompt administration of epinephrine and long-term strategies to identify triggers and prevent recurrences, highlighting the need for standardized diagnostic criteria across medical specialties.",Management of anaphylaxis involves immediate epinephrine administration and ongoing efforts to identify and avoid triggers.,Epinephrine is not necessary for managing anaphylaxis as other treatments are more effective.,The reliance on history of allergen exposure for diagnosis may not apply in all cases of anaphylaxis.
Anaphylaxis Anaphylaxis: Confirming the diagnosis and determining the cause(s),"Anaphylaxis is a serious systemic allergic reaction that requires immediate clinical diagnosis based on symptoms and history of exposure to allergens, as laboratory tests are rarely useful in acute settings. The management includes prompt administration of epinephrine and long-term strategies to identify triggers and prevent recurrences, highlighting the need for standardized diagnostic criteria across medical specialties.",Immediate clinical diagnosis of anaphylaxis is crucial due to the rare utility of laboratory tests in acute scenarios.,Clinical diagnosis of anaphylaxis can be adequately made without considering symptoms or allergen exposure history.,The effectiveness of long-term strategies for preventing anaphylaxis recurrences can be uncertain based on individual patient circumstances.
Anaphylaxis Anaphylaxis: Confirming the diagnosis and determining the cause(s),"Anaphylaxis is a serious systemic allergic reaction that requires immediate clinical diagnosis based on symptoms and history of exposure to allergens, as laboratory tests are rarely useful in acute settings. The management includes prompt administration of epinephrine and long-term strategies to identify triggers and prevent recurrences, highlighting the need for standardized diagnostic criteria across medical specialties.",There is a significant emphasis on the need for standardized diagnostic criteria across various medical fields to improve anaphylaxis management.,Standardized diagnostic criteria are unnecessary and may complicate the management of anaphylaxis.,The role of laboratory tests in anaphylaxis diagnosis could change as new technologies emerge in the medical field.
Anaphylaxis Anaphylaxis in pregnant and breastfeeding women,"Anaphylaxis during pregnancy and breastfeeding presents unique challenges and requires careful management to ensure the safety of both the mother and the fetus. Anaphylaxis is a severe, potentially life-threatening allergic reaction characterized by rapid onset and systemic involvement, necessitating immediate medical intervention. The lifetime prevalence of anaphylaxis in the general population is estimated to be between 0.05% and 2%, but specific data on its prevalence among pregnant women is limited. The management of anaphylaxis in pregnant women aligns closely with that of non-pregnant individuals, with epinephrine being the first-line treatment. It is crucial to administer epinephrine promptly, as the benefits of rapid intervention outweigh any potential risks to the fetus. The recommended dosage is 0.01 mg/kg of 1:1,000 epinephrine, with a maximum single dose of 0.5 mg, administered intramuscularly. 

In the context of pregnancy, the physiological changes, such as increased blood volume and altered pharmacokinetics, may influence the presentation and management of anaphylaxis. Additionally, hypersensitivity reactions to progestogens can occur, leading to a spectrum of allergic responses that may complicate the clinical picture. Lactation-related anaphylaxis is exceedingly rare, with only a few documented cases, but it underscores the need for vigilance in breastfeeding women who may have a history of allergies. 

Post-anaphylaxis management may involve ongoing vasopressor support until hemodynamic stability is achieved. It is essential for healthcare providers to be aware of the potential for anaphylaxis in pregnant and breastfeeding women, as well as the appropriate protocols for emergency response, including the availability of epinephrine and other supportive measures. Overall, while anaphylaxis poses significant risks during pregnancy and lactation, with prompt recognition and treatment, outcomes can be favorable for both mother and child.",Anaphylaxis during pregnancy necessitates immediate medical intervention to ensure the safety of both the mother and the fetus.,The lifetime prevalence of anaphylaxis in pregnant women is well-documented and widely understood.,"While lactation-related anaphylaxis is rare, it remains unclear if breastfeeding women should be particularly concerned about allergic reactions."
Anaphylaxis Anaphylaxis in pregnant and breastfeeding women,"Anaphylaxis during pregnancy and breastfeeding presents unique challenges and requires careful management to ensure the safety of both the mother and the fetus. Anaphylaxis is a severe, potentially life-threatening allergic reaction characterized by rapid onset and systemic involvement, necessitating immediate medical intervention. The lifetime prevalence of anaphylaxis in the general population is estimated to be between 0.05% and 2%, but specific data on its prevalence among pregnant women is limited. The management of anaphylaxis in pregnant women aligns closely with that of non-pregnant individuals, with epinephrine being the first-line treatment. It is crucial to administer epinephrine promptly, as the benefits of rapid intervention outweigh any potential risks to the fetus. The recommended dosage is 0.01 mg/kg of 1:1,000 epinephrine, with a maximum single dose of 0.5 mg, administered intramuscularly. 

In the context of pregnancy, the physiological changes, such as increased blood volume and altered pharmacokinetics, may influence the presentation and management of anaphylaxis. Additionally, hypersensitivity reactions to progestogens can occur, leading to a spectrum of allergic responses that may complicate the clinical picture. Lactation-related anaphylaxis is exceedingly rare, with only a few documented cases, but it underscores the need for vigilance in breastfeeding women who may have a history of allergies. 

Post-anaphylaxis management may involve ongoing vasopressor support until hemodynamic stability is achieved. It is essential for healthcare providers to be aware of the potential for anaphylaxis in pregnant and breastfeeding women, as well as the appropriate protocols for emergency response, including the availability of epinephrine and other supportive measures. Overall, while anaphylaxis poses significant risks during pregnancy and lactation, with prompt recognition and treatment, outcomes can be favorable for both mother and child.","Epinephrine is the first-line treatment for managing anaphylaxis in pregnant women, similar to non-pregnant individuals.",The benefits of administering epinephrine during anaphylaxis in pregnancy do not outweigh the risks to the fetus.,"Physiological changes during pregnancy may complicate the management of anaphylaxis, but the extent of this influence is not fully understood."
Anaphylaxis Anaphylaxis in pregnant and breastfeeding women,"Anaphylaxis during pregnancy and breastfeeding presents unique challenges and requires careful management to ensure the safety of both the mother and the fetus. Anaphylaxis is a severe, potentially life-threatening allergic reaction characterized by rapid onset and systemic involvement, necessitating immediate medical intervention. The lifetime prevalence of anaphylaxis in the general population is estimated to be between 0.05% and 2%, but specific data on its prevalence among pregnant women is limited. The management of anaphylaxis in pregnant women aligns closely with that of non-pregnant individuals, with epinephrine being the first-line treatment. It is crucial to administer epinephrine promptly, as the benefits of rapid intervention outweigh any potential risks to the fetus. The recommended dosage is 0.01 mg/kg of 1:1,000 epinephrine, with a maximum single dose of 0.5 mg, administered intramuscularly. 

In the context of pregnancy, the physiological changes, such as increased blood volume and altered pharmacokinetics, may influence the presentation and management of anaphylaxis. Additionally, hypersensitivity reactions to progestogens can occur, leading to a spectrum of allergic responses that may complicate the clinical picture. Lactation-related anaphylaxis is exceedingly rare, with only a few documented cases, but it underscores the need for vigilance in breastfeeding women who may have a history of allergies. 

Post-anaphylaxis management may involve ongoing vasopressor support until hemodynamic stability is achieved. It is essential for healthcare providers to be aware of the potential for anaphylaxis in pregnant and breastfeeding women, as well as the appropriate protocols for emergency response, including the availability of epinephrine and other supportive measures. Overall, while anaphylaxis poses significant risks during pregnancy and lactation, with prompt recognition and treatment, outcomes can be favorable for both mother and child.",Prompt recognition and treatment of anaphylaxis can lead to favorable outcomes for both the mother and the child.,Immediate medical intervention for anaphylaxis in pregnant women is not necessary and can be postponed.,"Healthcare providers should be aware of anaphylaxis risks in pregnant women, yet the prevalence of such cases is poorly defined."
Anaphylaxis Anaphylaxis in pregnant and breastfeeding women,"Anaphylaxis during pregnancy and breastfeeding presents unique challenges and requires careful management to ensure the safety of both the mother and the fetus. Anaphylaxis is a severe, potentially life-threatening allergic reaction characterized by rapid onset and systemic involvement, necessitating immediate medical intervention. The lifetime prevalence of anaphylaxis in the general population is estimated to be between 0.05% and 2%, but specific data on its prevalence among pregnant women is limited. The management of anaphylaxis in pregnant women aligns closely with that of non-pregnant individuals, with epinephrine being the first-line treatment. It is crucial to administer epinephrine promptly, as the benefits of rapid intervention outweigh any potential risks to the fetus. The recommended dosage is 0.01 mg/kg of 1:1,000 epinephrine, with a maximum single dose of 0.5 mg, administered intramuscularly. 

In the context of pregnancy, the physiological changes, such as increased blood volume and altered pharmacokinetics, may influence the presentation and management of anaphylaxis. Additionally, hypersensitivity reactions to progestogens can occur, leading to a spectrum of allergic responses that may complicate the clinical picture. Lactation-related anaphylaxis is exceedingly rare, with only a few documented cases, but it underscores the need for vigilance in breastfeeding women who may have a history of allergies. 

Post-anaphylaxis management may involve ongoing vasopressor support until hemodynamic stability is achieved. It is essential for healthcare providers to be aware of the potential for anaphylaxis in pregnant and breastfeeding women, as well as the appropriate protocols for emergency response, including the availability of epinephrine and other supportive measures. Overall, while anaphylaxis poses significant risks during pregnancy and lactation, with prompt recognition and treatment, outcomes can be favorable for both mother and child.",The recommended dosage of epinephrine for treating anaphylaxis in pregnant women is 0.01 mg/kg with a maximum of 0.5 mg.,Pregnant women should avoid epinephrine for anaphylaxis due to potential harm to the fetus.,"Hypersensitivity reactions to progestogens may complicate anaphylaxis management, though the frequency of such reactions during pregnancy is not clear."
Anaphylaxis Anaphylaxis in infants,"Anaphylaxis in infants is a severe allergic reaction characterized by the rapid release of inflammatory mediators, primarily triggered by food allergens such as milk, eggs, wheat, and soy. The condition presents with multisystemic symptoms, including respiratory distress, gastrointestinal issues, cardiovascular instability, and skin reactions. Diagnosis can be challenging due to the infant's inability to communicate symptoms, making caregiver awareness essential. Immediate treatment with intramuscular epinephrine is critical, and monitoring for potential biphasic reactions is necessary. Education for caregivers on recognizing symptoms and emergency response is vital, especially given the rising incidence of anaphylaxis in children.","Infants can experience a severe allergic reaction known as anaphylaxis, which is often triggered by common food allergens like milk and eggs.",Anaphylaxis in infants is easily diagnosed due to their ability to communicate symptoms effectively.,"While it is important for caregivers to be educated about anaphylaxis, some may believe that this education alone is sufficient to prevent severe reactions."
Anaphylaxis Anaphylaxis in infants,"Anaphylaxis in infants is a severe allergic reaction characterized by the rapid release of inflammatory mediators, primarily triggered by food allergens such as milk, eggs, wheat, and soy. The condition presents with multisystemic symptoms, including respiratory distress, gastrointestinal issues, cardiovascular instability, and skin reactions. Diagnosis can be challenging due to the infant's inability to communicate symptoms, making caregiver awareness essential. Immediate treatment with intramuscular epinephrine is critical, and monitoring for potential biphasic reactions is necessary. Education for caregivers on recognizing symptoms and emergency response is vital, especially given the rising incidence of anaphylaxis in children.","The symptoms of anaphylaxis in infants can affect multiple systems, including respiratory and cardiovascular systems.",Anaphylaxis in infants only presents with gastrointestinal symptoms and does not affect other systems.,The increasing incidence of anaphylaxis in children might suggest that either more allergies are developing or that awareness of the condition is simply improving.
Anaphylaxis Anaphylaxis in infants,"Anaphylaxis in infants is a severe allergic reaction characterized by the rapid release of inflammatory mediators, primarily triggered by food allergens such as milk, eggs, wheat, and soy. The condition presents with multisystemic symptoms, including respiratory distress, gastrointestinal issues, cardiovascular instability, and skin reactions. Diagnosis can be challenging due to the infant's inability to communicate symptoms, making caregiver awareness essential. Immediate treatment with intramuscular epinephrine is critical, and monitoring for potential biphasic reactions is necessary. Education for caregivers on recognizing symptoms and emergency response is vital, especially given the rising incidence of anaphylaxis in children.",Immediate treatment with intramuscular epinephrine is crucial for infants experiencing anaphylaxis.,Intramuscular epinephrine is not an effective treatment for anaphylaxis in infants.,"Monitoring for biphasic reactions after treatment may be necessary, but the frequency of such reactions is not clearly defined."
Anaphylaxis Anaphylaxis in infants,"Anaphylaxis in infants is a severe allergic reaction characterized by the rapid release of inflammatory mediators, primarily triggered by food allergens such as milk, eggs, wheat, and soy. The condition presents with multisystemic symptoms, including respiratory distress, gastrointestinal issues, cardiovascular instability, and skin reactions. Diagnosis can be challenging due to the infant's inability to communicate symptoms, making caregiver awareness essential. Immediate treatment with intramuscular epinephrine is critical, and monitoring for potential biphasic reactions is necessary. Education for caregivers on recognizing symptoms and emergency response is vital, especially given the rising incidence of anaphylaxis in children.",Caregiver awareness is essential for the diagnosis of anaphylaxis in infants due to their inability to communicate symptoms.,"Infants can easily communicate their symptoms, making caregiver awareness unnecessary for diagnosing anaphylaxis.","Education for caregivers is important, but it remains uncertain how much knowledge translates into effective emergency response during anaphylactic episodes."
Anaphylaxis Biphasic and protracted anaphylaxis,"Anaphylaxis is an acute, potentially life-threatening multisystem syndrome resulting from the rapid release of mediators from mast cells and basophils, often triggered by immunologic reactions to allergens such as foods, medications, and insect stings. Biphasic anaphylaxis is characterized by the recurrence of symptoms after initial resolution, a phenomenon first documented in the mid-1990s, involving complex immunological mechanisms that necessitate careful post-episode monitoring. Protracted anaphylaxis refers to a prolonged state of anaphylaxis lasting several hours or days, requiring extended medical intervention. The Allergy Immunology Joint Task Force on Practice Parameters emphasizes the importance of recognizing these variants, recommending baseline serum tryptase levels for patients with recurrent or severe anaphylaxis. Immediate recognition and treatment with epinephrine are critical, as anaphylaxis is a medical emergency that can escalate rapidly, highlighting the need for healthcare providers to be equipped with the necessary tools and medications for effective management.",Anaphylaxis is a severe and potentially life-threatening condition that can occur rapidly due to various allergens.,Biphasic anaphylaxis does not require any specific monitoring after the initial symptoms resolve.,"While protracted anaphylaxis might necessitate extended medical intervention, some cases could resolve without significant treatment."
Anaphylaxis Biphasic and protracted anaphylaxis,"Anaphylaxis is an acute, potentially life-threatening multisystem syndrome resulting from the rapid release of mediators from mast cells and basophils, often triggered by immunologic reactions to allergens such as foods, medications, and insect stings. Biphasic anaphylaxis is characterized by the recurrence of symptoms after initial resolution, a phenomenon first documented in the mid-1990s, involving complex immunological mechanisms that necessitate careful post-episode monitoring. Protracted anaphylaxis refers to a prolonged state of anaphylaxis lasting several hours or days, requiring extended medical intervention. The Allergy Immunology Joint Task Force on Practice Parameters emphasizes the importance of recognizing these variants, recommending baseline serum tryptase levels for patients with recurrent or severe anaphylaxis. Immediate recognition and treatment with epinephrine are critical, as anaphylaxis is a medical emergency that can escalate rapidly, highlighting the need for healthcare providers to be equipped with the necessary tools and medications for effective management.",The Allergy Immunology Joint Task Force on Practice Parameters stresses the need for monitoring patients with severe anaphylaxis through baseline serum tryptase levels.,Immediate recognition and treatment of anaphylaxis are not necessary if symptoms have temporarily resolved.,"Although epinephrine is critical for treating anaphylaxis, its effectiveness may vary depending on the patient's specific situation."
Anaphylaxis Biphasic and protracted anaphylaxis,"Anaphylaxis is an acute, potentially life-threatening multisystem syndrome resulting from the rapid release of mediators from mast cells and basophils, often triggered by immunologic reactions to allergens such as foods, medications, and insect stings. Biphasic anaphylaxis is characterized by the recurrence of symptoms after initial resolution, a phenomenon first documented in the mid-1990s, involving complex immunological mechanisms that necessitate careful post-episode monitoring. Protracted anaphylaxis refers to a prolonged state of anaphylaxis lasting several hours or days, requiring extended medical intervention. The Allergy Immunology Joint Task Force on Practice Parameters emphasizes the importance of recognizing these variants, recommending baseline serum tryptase levels for patients with recurrent or severe anaphylaxis. Immediate recognition and treatment with epinephrine are critical, as anaphylaxis is a medical emergency that can escalate rapidly, highlighting the need for healthcare providers to be equipped with the necessary tools and medications for effective management.",Anaphylaxis can be triggered by immunologic reactions to common allergens like foods and medications.,Protracted anaphylaxis typically lasts less than an hour and does not require extensive medical care.,"Healthcare providers should be prepared for anaphylaxis, but the tools needed may differ based on their experience and the setting."
Anaphylaxis Biphasic and protracted anaphylaxis,"Anaphylaxis is an acute, potentially life-threatening multisystem syndrome resulting from the rapid release of mediators from mast cells and basophils, often triggered by immunologic reactions to allergens such as foods, medications, and insect stings. Biphasic anaphylaxis is characterized by the recurrence of symptoms after initial resolution, a phenomenon first documented in the mid-1990s, involving complex immunological mechanisms that necessitate careful post-episode monitoring. Protracted anaphylaxis refers to a prolonged state of anaphylaxis lasting several hours or days, requiring extended medical intervention. The Allergy Immunology Joint Task Force on Practice Parameters emphasizes the importance of recognizing these variants, recommending baseline serum tryptase levels for patients with recurrent or severe anaphylaxis. Immediate recognition and treatment with epinephrine are critical, as anaphylaxis is a medical emergency that can escalate rapidly, highlighting the need for healthcare providers to be equipped with the necessary tools and medications for effective management.",The occurrence of biphasic anaphylaxis highlights the complexity of immune responses and the need for post-episode monitoring.,Anaphylaxis is a benign condition that rarely leads to severe health consequences.,"The management of anaphylaxis could be straightforward if symptoms are recognizable, but individual responses can complicate treatment."
Anaphylaxis Allergic reactions to seminal plasma,"Anaphylaxis due to allergic reactions to seminal plasma, also known as seminal plasma hypersensitivity (SPH), is a rare but significant condition that can manifest as both local and systemic reactions following exposure to seminal plasma proteins. This type I hypersensitivity reaction is often underdiagnosed and can lead to severe clinical outcomes, including anaphylaxis, which is characterized by rapid onset and potentially life-threatening symptoms. The pathophysiology involves an immune response to specific proteins found in seminal plasma, which can trigger a cascade of allergic symptoms ranging from urticaria and angioedema to respiratory distress and cardiovascular collapse. Diagnosis typically involves a thorough clinical history, including symptomatology following sexual intercourse, and may be confirmed through skin prick tests or serum-specific IgE testing against seminal plasma proteins. The World Allergy Organization (WAO) provides criteria for diagnosing anaphylaxis, emphasizing the importance of recognizing the clinical features rather than relying solely on laboratory tests. Management of SPH includes avoidance of exposure to seminal plasma, and in cases of anaphylaxis, immediate administration of epinephrine is critical. Additionally, the condition has implications for fertility, as it may contribute to unexplained infertility in women, necessitating a multidisciplinary approach to treatment and counseling. Given the rarity of this condition, awareness among healthcare providers is essential for timely diagnosis and effective management.",Seminal plasma hypersensitivity (SPH) is a rare but important condition that can cause both localized and systemic allergic reactions.,Anaphylaxis due to seminal plasma hypersensitivity is a common condition that does not lead to severe clinical outcomes.,"While some healthcare providers may be aware of seminal plasma hypersensitivity, it remains largely underdiagnosed, suggesting varying levels of awareness in the medical community."
Anaphylaxis Allergic reactions to seminal plasma,"Anaphylaxis due to allergic reactions to seminal plasma, also known as seminal plasma hypersensitivity (SPH), is a rare but significant condition that can manifest as both local and systemic reactions following exposure to seminal plasma proteins. This type I hypersensitivity reaction is often underdiagnosed and can lead to severe clinical outcomes, including anaphylaxis, which is characterized by rapid onset and potentially life-threatening symptoms. The pathophysiology involves an immune response to specific proteins found in seminal plasma, which can trigger a cascade of allergic symptoms ranging from urticaria and angioedema to respiratory distress and cardiovascular collapse. Diagnosis typically involves a thorough clinical history, including symptomatology following sexual intercourse, and may be confirmed through skin prick tests or serum-specific IgE testing against seminal plasma proteins. The World Allergy Organization (WAO) provides criteria for diagnosing anaphylaxis, emphasizing the importance of recognizing the clinical features rather than relying solely on laboratory tests. Management of SPH includes avoidance of exposure to seminal plasma, and in cases of anaphylaxis, immediate administration of epinephrine is critical. Additionally, the condition has implications for fertility, as it may contribute to unexplained infertility in women, necessitating a multidisciplinary approach to treatment and counseling. Given the rarity of this condition, awareness among healthcare providers is essential for timely diagnosis and effective management.","The pathophysiology of SPH involves an immune response to proteins in seminal plasma, which can cause severe allergic reactions.",SPH does not involve any immune response and does not lead to allergic symptoms.,"Diagnosis of SPH may rely on clinical history and specific tests, but the effectiveness of these methods can vary among different patients."
Anaphylaxis Allergic reactions to seminal plasma,"Anaphylaxis due to allergic reactions to seminal plasma, also known as seminal plasma hypersensitivity (SPH), is a rare but significant condition that can manifest as both local and systemic reactions following exposure to seminal plasma proteins. This type I hypersensitivity reaction is often underdiagnosed and can lead to severe clinical outcomes, including anaphylaxis, which is characterized by rapid onset and potentially life-threatening symptoms. The pathophysiology involves an immune response to specific proteins found in seminal plasma, which can trigger a cascade of allergic symptoms ranging from urticaria and angioedema to respiratory distress and cardiovascular collapse. Diagnosis typically involves a thorough clinical history, including symptomatology following sexual intercourse, and may be confirmed through skin prick tests or serum-specific IgE testing against seminal plasma proteins. The World Allergy Organization (WAO) provides criteria for diagnosing anaphylaxis, emphasizing the importance of recognizing the clinical features rather than relying solely on laboratory tests. Management of SPH includes avoidance of exposure to seminal plasma, and in cases of anaphylaxis, immediate administration of epinephrine is critical. Additionally, the condition has implications for fertility, as it may contribute to unexplained infertility in women, necessitating a multidisciplinary approach to treatment and counseling. Given the rarity of this condition, awareness among healthcare providers is essential for timely diagnosis and effective management.",Immediate administration of epinephrine is critical in managing anaphylaxis caused by seminal plasma hypersensitivity.,Epinephrine is not necessary for treating anaphylaxis resulting from seminal plasma exposure.,"The implications of SPH for fertility are noted, but it is unclear how frequently it contributes to unexplained infertility in women."
Anaphylaxis Allergic reactions to seminal plasma,"Anaphylaxis due to allergic reactions to seminal plasma, also known as seminal plasma hypersensitivity (SPH), is a rare but significant condition that can manifest as both local and systemic reactions following exposure to seminal plasma proteins. This type I hypersensitivity reaction is often underdiagnosed and can lead to severe clinical outcomes, including anaphylaxis, which is characterized by rapid onset and potentially life-threatening symptoms. The pathophysiology involves an immune response to specific proteins found in seminal plasma, which can trigger a cascade of allergic symptoms ranging from urticaria and angioedema to respiratory distress and cardiovascular collapse. Diagnosis typically involves a thorough clinical history, including symptomatology following sexual intercourse, and may be confirmed through skin prick tests or serum-specific IgE testing against seminal plasma proteins. The World Allergy Organization (WAO) provides criteria for diagnosing anaphylaxis, emphasizing the importance of recognizing the clinical features rather than relying solely on laboratory tests. Management of SPH includes avoidance of exposure to seminal plasma, and in cases of anaphylaxis, immediate administration of epinephrine is critical. Additionally, the condition has implications for fertility, as it may contribute to unexplained infertility in women, necessitating a multidisciplinary approach to treatment and counseling. Given the rarity of this condition, awareness among healthcare providers is essential for timely diagnosis and effective management.",Awareness among healthcare providers is crucial for the timely diagnosis and effective management of seminal plasma hypersensitivity.,Healthcare providers are generally well-informed about seminal plasma hypersensitivity and can diagnose it easily.,"While the World Allergy Organization provides diagnostic criteria for anaphylaxis, the reliance on clinical features may lead to inconsistencies in diagnosis."
Anaphylaxis Anaphylaxis: Acute diagnosis,"Anaphylaxis is a critical, potentially life-threatening systemic allergic reaction characterized by rapid onset and the involvement of multiple organ systems. The diagnosis of anaphylaxis during an acute event primarily relies on the clinical presentation, which may include symptoms such as urticaria, angioedema, respiratory distress, gastrointestinal symptoms, and cardiovascular instability. A key aspect of the diagnosis is the identification of a recent exposure to a known allergen, such as food, medications, or insect stings, although spontaneous anaphylaxis can occur without a clear trigger. In emergency settings, there are no definitive laboratory tests available to confirm anaphylaxis; however, baseline serum tryptase levels can be useful in certain cases, particularly in patients with recurrent or idiopathic anaphylaxis. The Allergy Immunology Joint Task Force on Practice Parameters (JTFPP) has established guidelines that emphasize the importance of immediate recognition and treatment of anaphylaxis, recommending the removal of potential triggers and the administration of epinephrine as the first-line treatment. The global incidence of anaphylaxis is estimated at 50-112 episodes per 100,000 person-years, with a lifetime prevalence ranging from 0.3% to 5.1%. The JTFPP's 2023 practice parameter update provides a comprehensive framework for the diagnosis and management of anaphylaxis, underscoring the need for clinicians to be vigilant in recognizing the signs and symptoms of this acute allergic reaction to ensure timely intervention and improve patient outcomes.",Anaphylaxis is a serious allergic reaction that can affect multiple organ systems and requires prompt recognition and treatment.,Laboratory tests are essential for confirming the diagnosis of anaphylaxis in emergency situations.,"While there are guidelines that recommend the use of epinephrine, it is unclear if all patients respond the same way to this treatment."
Anaphylaxis Anaphylaxis: Acute diagnosis,"Anaphylaxis is a critical, potentially life-threatening systemic allergic reaction characterized by rapid onset and the involvement of multiple organ systems. The diagnosis of anaphylaxis during an acute event primarily relies on the clinical presentation, which may include symptoms such as urticaria, angioedema, respiratory distress, gastrointestinal symptoms, and cardiovascular instability. A key aspect of the diagnosis is the identification of a recent exposure to a known allergen, such as food, medications, or insect stings, although spontaneous anaphylaxis can occur without a clear trigger. In emergency settings, there are no definitive laboratory tests available to confirm anaphylaxis; however, baseline serum tryptase levels can be useful in certain cases, particularly in patients with recurrent or idiopathic anaphylaxis. The Allergy Immunology Joint Task Force on Practice Parameters (JTFPP) has established guidelines that emphasize the importance of immediate recognition and treatment of anaphylaxis, recommending the removal of potential triggers and the administration of epinephrine as the first-line treatment. The global incidence of anaphylaxis is estimated at 50-112 episodes per 100,000 person-years, with a lifetime prevalence ranging from 0.3% to 5.1%. The JTFPP's 2023 practice parameter update provides a comprehensive framework for the diagnosis and management of anaphylaxis, underscoring the need for clinicians to be vigilant in recognizing the signs and symptoms of this acute allergic reaction to ensure timely intervention and improve patient outcomes.",The JTFPP highlights the necessity of identifying recent allergen exposure to diagnose anaphylaxis effectively.,"Spontaneous anaphylaxis can never occur without a known trigger, making trigger identification unnecessary.","The incidence of anaphylaxis varies widely, suggesting that some populations may be more susceptible than others, though the reasons for this are not fully understood."
Anaphylaxis Anaphylaxis: Acute diagnosis,"Anaphylaxis is a critical, potentially life-threatening systemic allergic reaction characterized by rapid onset and the involvement of multiple organ systems. The diagnosis of anaphylaxis during an acute event primarily relies on the clinical presentation, which may include symptoms such as urticaria, angioedema, respiratory distress, gastrointestinal symptoms, and cardiovascular instability. A key aspect of the diagnosis is the identification of a recent exposure to a known allergen, such as food, medications, or insect stings, although spontaneous anaphylaxis can occur without a clear trigger. In emergency settings, there are no definitive laboratory tests available to confirm anaphylaxis; however, baseline serum tryptase levels can be useful in certain cases, particularly in patients with recurrent or idiopathic anaphylaxis. The Allergy Immunology Joint Task Force on Practice Parameters (JTFPP) has established guidelines that emphasize the importance of immediate recognition and treatment of anaphylaxis, recommending the removal of potential triggers and the administration of epinephrine as the first-line treatment. The global incidence of anaphylaxis is estimated at 50-112 episodes per 100,000 person-years, with a lifetime prevalence ranging from 0.3% to 5.1%. The JTFPP's 2023 practice parameter update provides a comprehensive framework for the diagnosis and management of anaphylaxis, underscoring the need for clinicians to be vigilant in recognizing the signs and symptoms of this acute allergic reaction to ensure timely intervention and improve patient outcomes.",Immediate treatment with epinephrine is recommended as the first-line response to anaphylaxis by the JTFPP.,Anaphylaxis does not require immediate treatment and can often resolve on its own without intervention.,"Baseline serum tryptase levels might be helpful in some cases, but it is uncertain how often these levels accurately reflect the severity of anaphylaxis."
Anaphylaxis Anaphylaxis: Acute diagnosis,"Anaphylaxis is a critical, potentially life-threatening systemic allergic reaction characterized by rapid onset and the involvement of multiple organ systems. The diagnosis of anaphylaxis during an acute event primarily relies on the clinical presentation, which may include symptoms such as urticaria, angioedema, respiratory distress, gastrointestinal symptoms, and cardiovascular instability. A key aspect of the diagnosis is the identification of a recent exposure to a known allergen, such as food, medications, or insect stings, although spontaneous anaphylaxis can occur without a clear trigger. In emergency settings, there are no definitive laboratory tests available to confirm anaphylaxis; however, baseline serum tryptase levels can be useful in certain cases, particularly in patients with recurrent or idiopathic anaphylaxis. The Allergy Immunology Joint Task Force on Practice Parameters (JTFPP) has established guidelines that emphasize the importance of immediate recognition and treatment of anaphylaxis, recommending the removal of potential triggers and the administration of epinephrine as the first-line treatment. The global incidence of anaphylaxis is estimated at 50-112 episodes per 100,000 person-years, with a lifetime prevalence ranging from 0.3% to 5.1%. The JTFPP's 2023 practice parameter update provides a comprehensive framework for the diagnosis and management of anaphylaxis, underscoring the need for clinicians to be vigilant in recognizing the signs and symptoms of this acute allergic reaction to ensure timely intervention and improve patient outcomes.","Anaphylaxis is characterized by rapid onset and can lead to severe, life-threatening consequences if not treated quickly.",The symptoms of anaphylaxis are mild and do not typically involve multiple organ systems.,"While the global incidence of anaphylaxis is estimated, the actual number of cases may differ significantly based on reporting practices and awareness."
Anaphylaxis Differential diagnosis of anaphylaxis in children and adults,"Anaphylaxis is a severe allergic reaction characterized by rapid onset and multisystem involvement, primarily due to the release of inflammatory mediators. Diagnosis is clinical, based on acute symptoms such as urticaria, respiratory distress, and cardiovascular instability, with common triggers differing between children and adults. In children, food allergens like milk and eggs are prevalent, while adults may react to medications or insect stings. The differential diagnosis must exclude conditions that mimic anaphylaxis, such as vasovagal syncope or panic attacks. Immediate treatment with epinephrine is critical, and education on avoidance and auto-injector use is essential for those at risk.",Anaphylaxis is a serious allergic reaction that occurs suddenly and affects multiple body systems due to inflammatory mediators.,"Food allergens like milk and eggs are the only triggers for anaphylaxis in children, with no other substances involved.","While immediate treatment with epinephrine is emphasized, the effectiveness of other treatments for anaphylaxis is not clearly defined."
Anaphylaxis Differential diagnosis of anaphylaxis in children and adults,"Anaphylaxis is a severe allergic reaction characterized by rapid onset and multisystem involvement, primarily due to the release of inflammatory mediators. Diagnosis is clinical, based on acute symptoms such as urticaria, respiratory distress, and cardiovascular instability, with common triggers differing between children and adults. In children, food allergens like milk and eggs are prevalent, while adults may react to medications or insect stings. The differential diagnosis must exclude conditions that mimic anaphylaxis, such as vasovagal syncope or panic attacks. Immediate treatment with epinephrine is critical, and education on avoidance and auto-injector use is essential for those at risk.",Diagnosis of anaphylaxis relies on the observation of acute symptoms such as hives and respiratory issues.,The differential diagnosis for anaphylaxis does not require excluding other conditions like panic attacks.,"Education on avoiding allergens is important, but the extent to which this education impacts anaphylaxis outcomes is uncertain."
Anaphylaxis Differential diagnosis of anaphylaxis in children and adults,"Anaphylaxis is a severe allergic reaction characterized by rapid onset and multisystem involvement, primarily due to the release of inflammatory mediators. Diagnosis is clinical, based on acute symptoms such as urticaria, respiratory distress, and cardiovascular instability, with common triggers differing between children and adults. In children, food allergens like milk and eggs are prevalent, while adults may react to medications or insect stings. The differential diagnosis must exclude conditions that mimic anaphylaxis, such as vasovagal syncope or panic attacks. Immediate treatment with epinephrine is critical, and education on avoidance and auto-injector use is essential for those at risk.","Children commonly experience anaphylaxis due to food allergies, particularly from milk and eggs.",Adults do not have any specific triggers for anaphylaxis and can react to any substance.,"Epinephrine is critical for treating anaphylaxis, but its administration may vary in urgency depending on the situation."
Anaphylaxis Differential diagnosis of anaphylaxis in children and adults,"Anaphylaxis is a severe allergic reaction characterized by rapid onset and multisystem involvement, primarily due to the release of inflammatory mediators. Diagnosis is clinical, based on acute symptoms such as urticaria, respiratory distress, and cardiovascular instability, with common triggers differing between children and adults. In children, food allergens like milk and eggs are prevalent, while adults may react to medications or insect stings. The differential diagnosis must exclude conditions that mimic anaphylaxis, such as vasovagal syncope or panic attacks. Immediate treatment with epinephrine is critical, and education on avoidance and auto-injector use is essential for those at risk.",Immediate administration of epinephrine is essential in treating anaphylaxis.,Anaphylaxis does not require immediate treatment and can be managed with other interventions at a later time.,"While the summary states that symptoms like cardiovascular instability are indicative of anaphylaxis, it does not clarify how often these symptoms occur in actual cases."
Anaphylaxis Fatal anaphylaxis,"Anaphylaxis is a severe, acute, and potentially fatal systemic hypersensitivity reaction characterized by the rapid release of chemical mediators from mast cells and basophils, leading to multiorgan system involvement. The pathophysiology of anaphylaxis typically involves prior sensitization to an allergen, followed by re-exposure, which triggers an immunologic response. This response can result in a cascade of symptoms affecting the cutaneous, respiratory, cardiovascular, and gastrointestinal systems. Clinically, anaphylaxis often presents with symptoms such as urticaria, angioedema, bronchospasm, hypotension, and gastrointestinal distress, which can occur within minutes of exposure to the allergen. The management of anaphylaxis is critical and requires immediate intervention, primarily through the administration of epinephrine, which acts as a potent vasoconstrictor and bronchodilator. In cases of refractory anaphylaxis, intravenous epinephrine may be necessary, with careful titration based on the patient's response. Epidemiologically, while fatal anaphylaxis remains a rare occurrence, its incidence has shown an upward trend in certain populations, particularly among individuals with a history of asthma or those experiencing severe initial symptoms. Risk factors for fatal outcomes include delayed administration of epinephrine and the need for multiple doses to control symptoms. Understanding these aspects is crucial for healthcare professionals to effectively recognize, diagnose, and manage anaphylaxis, thereby reducing the risk of fatal outcomes associated with this life-threatening condition.",Anaphylaxis is a serious and potentially deadly allergic reaction that can affect multiple organ systems due to the rapid release of mediators from immune cells.,Fatal anaphylaxis is common and frequently occurs in the general population regardless of prior sensitization to allergens.,"The rising incidence of anaphylaxis in certain groups may suggest a broader underlying issue, but it is unclear whether this trend will continue or stabilize."
Anaphylaxis Fatal anaphylaxis,"Anaphylaxis is a severe, acute, and potentially fatal systemic hypersensitivity reaction characterized by the rapid release of chemical mediators from mast cells and basophils, leading to multiorgan system involvement. The pathophysiology of anaphylaxis typically involves prior sensitization to an allergen, followed by re-exposure, which triggers an immunologic response. This response can result in a cascade of symptoms affecting the cutaneous, respiratory, cardiovascular, and gastrointestinal systems. Clinically, anaphylaxis often presents with symptoms such as urticaria, angioedema, bronchospasm, hypotension, and gastrointestinal distress, which can occur within minutes of exposure to the allergen. The management of anaphylaxis is critical and requires immediate intervention, primarily through the administration of epinephrine, which acts as a potent vasoconstrictor and bronchodilator. In cases of refractory anaphylaxis, intravenous epinephrine may be necessary, with careful titration based on the patient's response. Epidemiologically, while fatal anaphylaxis remains a rare occurrence, its incidence has shown an upward trend in certain populations, particularly among individuals with a history of asthma or those experiencing severe initial symptoms. Risk factors for fatal outcomes include delayed administration of epinephrine and the need for multiple doses to control symptoms. Understanding these aspects is crucial for healthcare professionals to effectively recognize, diagnose, and manage anaphylaxis, thereby reducing the risk of fatal outcomes associated with this life-threatening condition.","Immediate intervention with epinephrine is essential for the effective management of anaphylaxis, acting as a strong vasoconstrictor and bronchodilator.","Epinephrine is rarely needed in cases of anaphylaxis, and symptoms typically resolve without any medical intervention.","While intravenous epinephrine may be necessary for some patients, it is uncertain how often this treatment is required compared to standard intramuscular administration."
Anaphylaxis Fatal anaphylaxis,"Anaphylaxis is a severe, acute, and potentially fatal systemic hypersensitivity reaction characterized by the rapid release of chemical mediators from mast cells and basophils, leading to multiorgan system involvement. The pathophysiology of anaphylaxis typically involves prior sensitization to an allergen, followed by re-exposure, which triggers an immunologic response. This response can result in a cascade of symptoms affecting the cutaneous, respiratory, cardiovascular, and gastrointestinal systems. Clinically, anaphylaxis often presents with symptoms such as urticaria, angioedema, bronchospasm, hypotension, and gastrointestinal distress, which can occur within minutes of exposure to the allergen. The management of anaphylaxis is critical and requires immediate intervention, primarily through the administration of epinephrine, which acts as a potent vasoconstrictor and bronchodilator. In cases of refractory anaphylaxis, intravenous epinephrine may be necessary, with careful titration based on the patient's response. Epidemiologically, while fatal anaphylaxis remains a rare occurrence, its incidence has shown an upward trend in certain populations, particularly among individuals with a history of asthma or those experiencing severe initial symptoms. Risk factors for fatal outcomes include delayed administration of epinephrine and the need for multiple doses to control symptoms. Understanding these aspects is crucial for healthcare professionals to effectively recognize, diagnose, and manage anaphylaxis, thereby reducing the risk of fatal outcomes associated with this life-threatening condition.",Anaphylaxis can manifest quickly with symptoms such as urticaria and bronchospasm within minutes of allergen exposure.,"Symptoms of anaphylaxis develop slowly over several hours, making immediate recognition and treatment unnecessary.","The symptoms of anaphylaxis vary widely among individuals, but it is not clear how much this variability impacts the overall risk of severe outcomes."
Anaphylaxis Fatal anaphylaxis,"Anaphylaxis is a severe, acute, and potentially fatal systemic hypersensitivity reaction characterized by the rapid release of chemical mediators from mast cells and basophils, leading to multiorgan system involvement. The pathophysiology of anaphylaxis typically involves prior sensitization to an allergen, followed by re-exposure, which triggers an immunologic response. This response can result in a cascade of symptoms affecting the cutaneous, respiratory, cardiovascular, and gastrointestinal systems. Clinically, anaphylaxis often presents with symptoms such as urticaria, angioedema, bronchospasm, hypotension, and gastrointestinal distress, which can occur within minutes of exposure to the allergen. The management of anaphylaxis is critical and requires immediate intervention, primarily through the administration of epinephrine, which acts as a potent vasoconstrictor and bronchodilator. In cases of refractory anaphylaxis, intravenous epinephrine may be necessary, with careful titration based on the patient's response. Epidemiologically, while fatal anaphylaxis remains a rare occurrence, its incidence has shown an upward trend in certain populations, particularly among individuals with a history of asthma or those experiencing severe initial symptoms. Risk factors for fatal outcomes include delayed administration of epinephrine and the need for multiple doses to control symptoms. Understanding these aspects is crucial for healthcare professionals to effectively recognize, diagnose, and manage anaphylaxis, thereby reducing the risk of fatal outcomes associated with this life-threatening condition.","Risk factors for fatal anaphylaxis include asthma and delayed epinephrine administration, highlighting the importance of prompt treatment.","Individuals with asthma are less likely to experience severe anaphylactic reactions, and timely treatment is not critical for positive outcomes.","The upward trend in anaphylaxis cases may correlate with increased awareness, but it is debatable whether this awareness is effectively reducing fatal outcomes."
Anaphylaxis Food-induced anaphylaxis,"Food-induced anaphylaxis is a severe, potentially life-threatening allergic reaction that occurs in susceptible individuals upon exposure to specific food allergens. This condition is characterized by the rapid onset of symptoms affecting multiple organ systems, including the skin, respiratory tract, gastrointestinal system, and cardiovascular system. The underlying mechanism involves the abnormal immune response where the immune system mistakenly identifies certain proteins in food as harmful, leading to the release of chemical mediators such as histamine from mast cells and basophils. This release results in symptoms such as urticaria, angioedema, respiratory distress, gastrointestinal symptoms like nausea and vomiting, and cardiovascular collapse. The most common triggers for food-induced anaphylaxis include peanuts, tree nuts, shellfish, fish, milk, eggs, and wheat, among others. The incidence of food-induced anaphylaxis has been increasing, with estimates suggesting that it affects approximately 8% of children and 10% of adults in the United States. Notably, the risk of fatal anaphylaxis is particularly pronounced in young adults, with a significant number of cases occurring in individuals who delay the administration of epinephrine, the first-line treatment for anaphylaxis. Diagnosis in acute settings is primarily clinical, as there are no immediate laboratory tests available; however, serum and plasma tests can support the diagnosis post-event. Management requires immediate recognition and treatment, emphasizing the importance of epinephrine auto-injectors for at-risk individuals.",Food-induced anaphylaxis is a serious allergic reaction that can affect various organ systems and requires immediate treatment.,Food-induced anaphylaxis is not a life-threatening condition and does not require urgent medical attention.,"While it is suggested that a significant number of young adults may face fatal anaphylaxis, the actual number of fatalities can vary widely."
Anaphylaxis Food-induced anaphylaxis,"Food-induced anaphylaxis is a severe, potentially life-threatening allergic reaction that occurs in susceptible individuals upon exposure to specific food allergens. This condition is characterized by the rapid onset of symptoms affecting multiple organ systems, including the skin, respiratory tract, gastrointestinal system, and cardiovascular system. The underlying mechanism involves the abnormal immune response where the immune system mistakenly identifies certain proteins in food as harmful, leading to the release of chemical mediators such as histamine from mast cells and basophils. This release results in symptoms such as urticaria, angioedema, respiratory distress, gastrointestinal symptoms like nausea and vomiting, and cardiovascular collapse. The most common triggers for food-induced anaphylaxis include peanuts, tree nuts, shellfish, fish, milk, eggs, and wheat, among others. The incidence of food-induced anaphylaxis has been increasing, with estimates suggesting that it affects approximately 8% of children and 10% of adults in the United States. Notably, the risk of fatal anaphylaxis is particularly pronounced in young adults, with a significant number of cases occurring in individuals who delay the administration of epinephrine, the first-line treatment for anaphylaxis. Diagnosis in acute settings is primarily clinical, as there are no immediate laboratory tests available; however, serum and plasma tests can support the diagnosis post-event. Management requires immediate recognition and treatment, emphasizing the importance of epinephrine auto-injectors for at-risk individuals.","The condition is triggered by specific food allergens such as peanuts, tree nuts, and shellfish, affecting a notable percentage of the population.",There are no known food allergens that can cause severe allergic reactions in children or adults.,"Although the rising incidence of food-induced anaphylaxis is noted, the reasons for this increase remain unclear and may involve various factors."
Anaphylaxis Food-induced anaphylaxis,"Food-induced anaphylaxis is a severe, potentially life-threatening allergic reaction that occurs in susceptible individuals upon exposure to specific food allergens. This condition is characterized by the rapid onset of symptoms affecting multiple organ systems, including the skin, respiratory tract, gastrointestinal system, and cardiovascular system. The underlying mechanism involves the abnormal immune response where the immune system mistakenly identifies certain proteins in food as harmful, leading to the release of chemical mediators such as histamine from mast cells and basophils. This release results in symptoms such as urticaria, angioedema, respiratory distress, gastrointestinal symptoms like nausea and vomiting, and cardiovascular collapse. The most common triggers for food-induced anaphylaxis include peanuts, tree nuts, shellfish, fish, milk, eggs, and wheat, among others. The incidence of food-induced anaphylaxis has been increasing, with estimates suggesting that it affects approximately 8% of children and 10% of adults in the United States. Notably, the risk of fatal anaphylaxis is particularly pronounced in young adults, with a significant number of cases occurring in individuals who delay the administration of epinephrine, the first-line treatment for anaphylaxis. Diagnosis in acute settings is primarily clinical, as there are no immediate laboratory tests available; however, serum and plasma tests can support the diagnosis post-event. Management requires immediate recognition and treatment, emphasizing the importance of epinephrine auto-injectors for at-risk individuals.",Immediate recognition and treatment of food-induced anaphylaxis are crucial for managing the condition effectively.,Delaying the administration of epinephrine does not significantly impact the outcome of anaphylaxis.,"The absence of immediate laboratory tests for diagnosis could lead to challenges in identifying anaphylaxis in acute settings, but clinical diagnosis can still be effective."
Anaphylaxis Food-induced anaphylaxis,"Food-induced anaphylaxis is a severe, potentially life-threatening allergic reaction that occurs in susceptible individuals upon exposure to specific food allergens. This condition is characterized by the rapid onset of symptoms affecting multiple organ systems, including the skin, respiratory tract, gastrointestinal system, and cardiovascular system. The underlying mechanism involves the abnormal immune response where the immune system mistakenly identifies certain proteins in food as harmful, leading to the release of chemical mediators such as histamine from mast cells and basophils. This release results in symptoms such as urticaria, angioedema, respiratory distress, gastrointestinal symptoms like nausea and vomiting, and cardiovascular collapse. The most common triggers for food-induced anaphylaxis include peanuts, tree nuts, shellfish, fish, milk, eggs, and wheat, among others. The incidence of food-induced anaphylaxis has been increasing, with estimates suggesting that it affects approximately 8% of children and 10% of adults in the United States. Notably, the risk of fatal anaphylaxis is particularly pronounced in young adults, with a significant number of cases occurring in individuals who delay the administration of epinephrine, the first-line treatment for anaphylaxis. Diagnosis in acute settings is primarily clinical, as there are no immediate laboratory tests available; however, serum and plasma tests can support the diagnosis post-event. Management requires immediate recognition and treatment, emphasizing the importance of epinephrine auto-injectors for at-risk individuals.",Food-induced anaphylaxis affects about 8% of children and 10% of adults in the United States.,"The prevalence of food-induced anaphylaxis is significantly lower than reported, affecting less than 2% of the population.","The role of epinephrine auto-injectors is emphasized in management, yet some individuals may choose not to carry them for various reasons."
Anaphylaxis Idiopathic anaphylaxis,"Idiopathic anaphylaxis (IA) is a perplexing and challenging condition characterized by severe allergic reactions that occur without an identifiable trigger, despite thorough clinical evaluation. Anaphylaxis itself is a rapid-onset, systemic hypersensitivity reaction that can be life-threatening, typically resulting from the activation of mast cells and basophils, leading to the release of mediators such as histamine. In the case of idiopathic anaphylaxis, patients experience recurrent anaphylactic episodes, yet standard diagnostic tests fail to reveal any specific allergens or triggers. This condition is more prevalent in adults, with estimates suggesting that 30% to 60% of adult anaphylaxis cases are idiopathic, while only about 10% of pediatric cases fall into this category. The diagnosis of IA is particularly challenging due to the absence of confirmatory laboratory tests and the reliance on clinical history and presentation. Recent literature has highlighted obscure potential triggers, including food additives and cross-reactive allergens, which may contribute to the complexity of diagnosis. Furthermore, the role of cofactors, such as physical exertion or concurrent infections, in exacerbating anaphylactic reactions is an area of ongoing research. The management of idiopathic anaphylaxis necessitates a comprehensive approach, including patient education on recognizing symptoms and the importance of immediate treatment with epinephrine, as well as the development of individualized management plans. The evolving understanding of this condition underscores the need for continued research to improve diagnostic accuracy and therapeutic strategies for affected individuals.","Idiopathic anaphylaxis often involves recurrent severe allergic reactions without identifiable triggers, posing significant diagnostic challenges.",The summary suggests that standard diagnostic tests can reveal specific allergens or triggers in cases of idiopathic anaphylaxis.,"While recent literature points to obscure potential triggers for anaphylaxis, it remains unclear how these factors directly affect the diagnosis of idiopathic anaphylaxis."
Anaphylaxis Idiopathic anaphylaxis,"Idiopathic anaphylaxis (IA) is a perplexing and challenging condition characterized by severe allergic reactions that occur without an identifiable trigger, despite thorough clinical evaluation. Anaphylaxis itself is a rapid-onset, systemic hypersensitivity reaction that can be life-threatening, typically resulting from the activation of mast cells and basophils, leading to the release of mediators such as histamine. In the case of idiopathic anaphylaxis, patients experience recurrent anaphylactic episodes, yet standard diagnostic tests fail to reveal any specific allergens or triggers. This condition is more prevalent in adults, with estimates suggesting that 30% to 60% of adult anaphylaxis cases are idiopathic, while only about 10% of pediatric cases fall into this category. The diagnosis of IA is particularly challenging due to the absence of confirmatory laboratory tests and the reliance on clinical history and presentation. Recent literature has highlighted obscure potential triggers, including food additives and cross-reactive allergens, which may contribute to the complexity of diagnosis. Furthermore, the role of cofactors, such as physical exertion or concurrent infections, in exacerbating anaphylactic reactions is an area of ongoing research. The management of idiopathic anaphylaxis necessitates a comprehensive approach, including patient education on recognizing symptoms and the importance of immediate treatment with epinephrine, as well as the development of individualized management plans. The evolving understanding of this condition underscores the need for continued research to improve diagnostic accuracy and therapeutic strategies for affected individuals.","Approximately 30% to 60% of adult cases of anaphylaxis are classified as idiopathic, indicating a significant prevalence in this population.","The summary states that idiopathic anaphylaxis is equally common in both adults and children, contradicting the claim of higher prevalence in adults.","The role of cofactors like physical exertion in exacerbating anaphylactic reactions may suggest additional complexities in managing idiopathic cases, yet their exact impact is not fully understood."
Anaphylaxis Idiopathic anaphylaxis,"Idiopathic anaphylaxis (IA) is a perplexing and challenging condition characterized by severe allergic reactions that occur without an identifiable trigger, despite thorough clinical evaluation. Anaphylaxis itself is a rapid-onset, systemic hypersensitivity reaction that can be life-threatening, typically resulting from the activation of mast cells and basophils, leading to the release of mediators such as histamine. In the case of idiopathic anaphylaxis, patients experience recurrent anaphylactic episodes, yet standard diagnostic tests fail to reveal any specific allergens or triggers. This condition is more prevalent in adults, with estimates suggesting that 30% to 60% of adult anaphylaxis cases are idiopathic, while only about 10% of pediatric cases fall into this category. The diagnosis of IA is particularly challenging due to the absence of confirmatory laboratory tests and the reliance on clinical history and presentation. Recent literature has highlighted obscure potential triggers, including food additives and cross-reactive allergens, which may contribute to the complexity of diagnosis. Furthermore, the role of cofactors, such as physical exertion or concurrent infections, in exacerbating anaphylactic reactions is an area of ongoing research. The management of idiopathic anaphylaxis necessitates a comprehensive approach, including patient education on recognizing symptoms and the importance of immediate treatment with epinephrine, as well as the development of individualized management plans. The evolving understanding of this condition underscores the need for continued research to improve diagnostic accuracy and therapeutic strategies for affected individuals.",Effective management of idiopathic anaphylaxis requires a tailored approach that emphasizes patient education and immediate treatment with epinephrine.,The management of idiopathic anaphylaxis is straightforward and does not require individualized plans or patient education.,"The absence of confirmatory laboratory tests for idiopathic anaphylaxis complicates the diagnosis, leading to potential misidentification of triggers, though some may still be recognizable."
Anaphylaxis Idiopathic anaphylaxis,"Idiopathic anaphylaxis (IA) is a perplexing and challenging condition characterized by severe allergic reactions that occur without an identifiable trigger, despite thorough clinical evaluation. Anaphylaxis itself is a rapid-onset, systemic hypersensitivity reaction that can be life-threatening, typically resulting from the activation of mast cells and basophils, leading to the release of mediators such as histamine. In the case of idiopathic anaphylaxis, patients experience recurrent anaphylactic episodes, yet standard diagnostic tests fail to reveal any specific allergens or triggers. This condition is more prevalent in adults, with estimates suggesting that 30% to 60% of adult anaphylaxis cases are idiopathic, while only about 10% of pediatric cases fall into this category. The diagnosis of IA is particularly challenging due to the absence of confirmatory laboratory tests and the reliance on clinical history and presentation. Recent literature has highlighted obscure potential triggers, including food additives and cross-reactive allergens, which may contribute to the complexity of diagnosis. Furthermore, the role of cofactors, such as physical exertion or concurrent infections, in exacerbating anaphylactic reactions is an area of ongoing research. The management of idiopathic anaphylaxis necessitates a comprehensive approach, including patient education on recognizing symptoms and the importance of immediate treatment with epinephrine, as well as the development of individualized management plans. The evolving understanding of this condition underscores the need for continued research to improve diagnostic accuracy and therapeutic strategies for affected individuals.",The complexity of diagnosing idiopathic anaphylaxis is heightened by the reliance on clinical history and the absence of laboratory confirmation.,Standardized laboratory tests are sufficient for diagnosing idiopathic anaphylaxis and do not necessitate a reliance on clinical history.,"Although ongoing research is exploring the impact of food additives and cross-reactive allergens, it remains uncertain how these findings will influence future diagnostic practices."
